left,top,right,bottom
-94.654197205,16.821838947,-94.653697205,16.821338947
-94.654197205,16.821338947,-94.653697205,16.820838947000002
-94.654197205,16.820838947000002,-94.653697205,16.820338947
-94.654197205,16.820338947,-94.653697205,16.819838947
-94.654197205,16.819838947,-94.653697205,16.819338947000002
-94.654197205,16.819338947000002,-94.653697205,16.818838947
-94.654197205,16.818838947,-94.653697205,16.818338947
-94.654197205,16.818338947,-94.653697205,16.817838947000002
-94.654197205,16.817838947000002,-94.653697205,16.817338947
-94.654197205,16.817338947,-94.653697205,16.816838947
-94.654197205,16.816838947,-94.653697205,16.816338947000002
-94.654197205,16.816338947000002,-94.653697205,16.815838947
-94.653697205,16.821838947,-94.653197205,16.821338947
-94.653697205,16.821338947,-94.653197205,16.820838947000002
-94.653697205,16.820838947000002,-94.653197205,16.820338947
-94.653697205,16.820338947,-94.653197205,16.819838947
-94.653697205,16.819838947,-94.653197205,16.819338947000002
-94.653697205,16.819338947000002,-94.653197205,16.818838947
-94.653697205,16.818838947,-94.653197205,16.818338947
-94.653697205,16.818338947,-94.653197205,16.817838947000002
-94.653697205,16.817838947000002,-94.653197205,16.817338947
-94.653697205,16.817338947,-94.653197205,16.816838947
-94.653697205,16.816838947,-94.653197205,16.816338947000002
-94.653697205,16.816338947000002,-94.653197205,16.815838947
-94.653197205,16.821838947,-94.652697205,16.821338947
-94.653197205,16.821338947,-94.652697205,16.820838947000002
-94.653197205,16.820838947000002,-94.652697205,16.820338947
-94.653197205,16.820338947,-94.652697205,16.819838947
-94.653197205,16.819838947,-94.652697205,16.819338947000002
-94.653197205,16.819338947000002,-94.652697205,16.818838947
-94.653197205,16.818838947,-94.652697205,16.818338947
-94.653197205,16.818338947,-94.652697205,16.817838947000002
-94.653197205,16.817838947000002,-94.652697205,16.817338947
-94.653197205,16.817338947,-94.652697205,16.816838947
-94.653197205,16.816838947,-94.652697205,16.816338947000002
-94.653197205,16.816338947000002,-94.652697205,16.815838947
-94.652697205,16.821838947,-94.652197205,16.821338947
-94.652697205,16.821338947,-94.652197205,16.820838947000002
-94.652697205,16.820838947000002,-94.652197205,16.820338947
-94.652697205,16.820338947,-94.652197205,16.819838947
-94.652697205,16.819838947,-94.652197205,16.819338947000002
-94.652697205,16.819338947000002,-94.652197205,16.818838947
-94.652697205,16.818838947,-94.652197205,16.818338947
-94.652697205,16.818338947,-94.652197205,16.817838947000002
-94.652697205,16.817838947000002,-94.652197205,16.817338947
-94.652697205,16.817338947,-94.652197205,16.816838947
-94.652697205,16.816838947,-94.652197205,16.816338947000002
-94.652697205,16.816338947000002,-94.652197205,16.815838947
-94.652197205,16.821838947,-94.651697205,16.821338947
-94.652197205,16.821338947,-94.651697205,16.820838947000002
-94.652197205,16.820838947000002,-94.651697205,16.820338947
-94.652197205,16.820338947,-94.651697205,16.819838947
-94.652197205,16.819838947,-94.651697205,16.819338947000002
-94.652197205,16.819338947000002,-94.651697205,16.818838947
-94.652197205,16.818838947,-94.651697205,16.818338947
-94.652197205,16.818338947,-94.651697205,16.817838947000002
-94.652197205,16.817838947000002,-94.651697205,16.817338947
-94.652197205,16.817338947,-94.651697205,16.816838947
-94.652197205,16.816838947,-94.651697205,16.816338947000002
-94.652197205,16.816338947000002,-94.651697205,16.815838947
-94.651697205,16.821838947,-94.651197205,16.821338947
-94.651697205,16.821338947,-94.651197205,16.820838947000002
-94.651697205,16.820838947000002,-94.651197205,16.820338947
-94.651697205,16.820338947,-94.651197205,16.819838947
-94.651697205,16.819838947,-94.651197205,16.819338947000002
-94.651697205,16.819338947000002,-94.651197205,16.818838947
-94.651697205,16.818838947,-94.651197205,16.818338947
-94.651697205,16.818338947,-94.651197205,16.817838947000002
-94.651697205,16.817838947000002,-94.651197205,16.817338947
-94.651697205,16.817338947,-94.651197205,16.816838947
-94.651697205,16.816838947,-94.651197205,16.816338947000002
-94.651697205,16.816338947000002,-94.651197205,16.815838947
-94.651197205,16.821838947,-94.650697205,16.821338947
-94.651197205,16.821338947,-94.650697205,16.820838947000002
-94.651197205,16.820838947000002,-94.650697205,16.820338947
-94.651197205,16.820338947,-94.650697205,16.819838947
-94.651197205,16.819838947,-94.650697205,16.819338947000002
-94.651197205,16.819338947000002,-94.650697205,16.818838947
-94.651197205,16.818838947,-94.650697205,16.818338947
-94.651197205,16.818338947,-94.650697205,16.817838947000002
-94.651197205,16.817838947000002,-94.650697205,16.817338947
-94.651197205,16.817338947,-94.650697205,16.816838947
-94.651197205,16.816838947,-94.650697205,16.816338947000002
-94.651197205,16.816338947000002,-94.650697205,16.815838947
-94.650697205,16.821838947,-94.650197205,16.821338947
-94.650697205,16.821338947,-94.650197205,16.820838947000002
-94.650697205,16.820838947000002,-94.650197205,16.820338947
-94.650697205,16.820338947,-94.650197205,16.819838947
-94.650697205,16.819838947,-94.650197205,16.819338947000002
-94.650697205,16.819338947000002,-94.650197205,16.818838947
-94.650697205,16.818838947,-94.650197205,16.818338947
-94.650697205,16.818338947,-94.650197205,16.817838947000002
-94.650697205,16.817838947000002,-94.650197205,16.817338947
-94.650697205,16.817338947,-94.650197205,16.816838947
-94.650697205,16.816838947,-94.650197205,16.816338947000002
-94.650697205,16.816338947000002,-94.650197205,16.815838947
-94.650197205,16.821838947,-94.649697205,16.821338947
-94.650197205,16.821338947,-94.649697205,16.820838947000002
-94.650197205,16.820838947000002,-94.649697205,16.820338947
-94.650197205,16.820338947,-94.649697205,16.819838947
-94.650197205,16.819838947,-94.649697205,16.819338947000002
-94.650197205,16.819338947000002,-94.649697205,16.818838947
-94.650197205,16.818838947,-94.649697205,16.818338947
-94.650197205,16.818338947,-94.649697205,16.817838947000002
-94.650197205,16.817838947000002,-94.649697205,16.817338947
-94.650197205,16.817338947,-94.649697205,16.816838947
-94.650197205,16.816838947,-94.649697205,16.816338947000002
-94.650197205,16.816338947000002,-94.649697205,16.815838947
-94.649697205,16.821838947,-94.649197205,16.821338947
-94.649697205,16.821338947,-94.649197205,16.820838947000002
-94.649697205,16.820838947000002,-94.649197205,16.820338947
-94.649697205,16.820338947,-94.649197205,16.819838947
-94.649697205,16.819838947,-94.649197205,16.819338947000002
-94.649697205,16.819338947000002,-94.649197205,16.818838947
-94.649697205,16.818838947,-94.649197205,16.818338947
-94.649697205,16.818338947,-94.649197205,16.817838947000002
-94.649697205,16.817838947000002,-94.649197205,16.817338947
-94.649697205,16.817338947,-94.649197205,16.816838947
-94.649697205,16.816838947,-94.649197205,16.816338947000002
-94.649697205,16.816338947000002,-94.649197205,16.815838947
-94.649197205,16.821838947,-94.648697205,16.821338947
-94.649197205,16.821338947,-94.648697205,16.820838947000002
-94.649197205,16.820838947000002,-94.648697205,16.820338947
-94.649197205,16.820338947,-94.648697205,16.819838947
-94.649197205,16.819838947,-94.648697205,16.819338947000002
-94.649197205,16.819338947000002,-94.648697205,16.818838947
-94.649197205,16.818838947,-94.648697205,16.818338947
-94.649197205,16.818338947,-94.648697205,16.817838947000002
-94.649197205,16.817838947000002,-94.648697205,16.817338947
-94.649197205,16.817338947,-94.648697205,16.816838947
-94.649197205,16.816838947,-94.648697205,16.816338947000002
-94.649197205,16.816338947000002,-94.648697205,16.815838947
-94.648697205,16.821838947,-94.648197205,16.821338947
-94.648697205,16.821338947,-94.648197205,16.820838947000002
-94.648697205,16.820838947000002,-94.648197205,16.820338947
-94.648697205,16.820338947,-94.648197205,16.819838947
-94.648697205,16.819838947,-94.648197205,16.819338947000002
-94.648697205,16.819338947000002,-94.648197205,16.818838947
-94.648697205,16.818838947,-94.648197205,16.818338947
-94.648697205,16.818338947,-94.648197205,16.817838947000002
-94.648697205,16.817838947000002,-94.648197205,16.817338947
-94.648697205,16.817338947,-94.648197205,16.816838947
-94.648697205,16.816838947,-94.648197205,16.816338947000002
-94.648697205,16.816338947000002,-94.648197205,16.815838947
-94.648197205,16.821838947,-94.647697205,16.821338947
-94.648197205,16.821338947,-94.647697205,16.820838947000002
-94.648197205,16.820838947000002,-94.647697205,16.820338947
-94.648197205,16.820338947,-94.647697205,16.819838947
-94.648197205,16.819838947,-94.647697205,16.819338947000002
-94.648197205,16.819338947000002,-94.647697205,16.818838947
-94.648197205,16.818838947,-94.647697205,16.818338947
-94.648197205,16.818338947,-94.647697205,16.817838947000002
-94.648197205,16.817838947000002,-94.647697205,16.817338947
-94.648197205,16.817338947,-94.647697205,16.816838947
-94.648197205,16.816838947,-94.647697205,16.816338947000002
-94.648197205,16.816338947000002,-94.647697205,16.815838947
-94.647697205,16.821838947,-94.647197205,16.821338947
-94.647697205,16.821338947,-94.647197205,16.820838947000002
-94.647697205,16.820838947000002,-94.647197205,16.820338947
-94.647697205,16.820338947,-94.647197205,16.819838947
-94.647697205,16.819838947,-94.647197205,16.819338947000002
-94.647697205,16.819338947000002,-94.647197205,16.818838947
-94.647697205,16.818838947,-94.647197205,16.818338947
-94.647697205,16.818338947,-94.647197205,16.817838947000002
-94.647697205,16.817838947000002,-94.647197205,16.817338947
-94.647697205,16.817338947,-94.647197205,16.816838947
-94.647697205,16.816838947,-94.647197205,16.816338947000002
-94.647697205,16.816338947000002,-94.647197205,16.815838947
-94.647197205,16.821838947,-94.646697205,16.821338947
-94.647197205,16.821338947,-94.646697205,16.820838947000002
-94.647197205,16.820838947000002,-94.646697205,16.820338947
-94.647197205,16.820338947,-94.646697205,16.819838947
-94.647197205,16.819838947,-94.646697205,16.819338947000002
-94.647197205,16.819338947000002,-94.646697205,16.818838947
-94.647197205,16.818838947,-94.646697205,16.818338947
-94.647197205,16.818338947,-94.646697205,16.817838947000002
-94.647197205,16.817838947000002,-94.646697205,16.817338947
-94.647197205,16.817338947,-94.646697205,16.816838947
-94.647197205,16.816838947,-94.646697205,16.816338947000002
-94.647197205,16.816338947000002,-94.646697205,16.815838947
-94.646697205,16.821838947,-94.646197205,16.821338947
-94.646697205,16.821338947,-94.646197205,16.820838947000002
-94.646697205,16.820838947000002,-94.646197205,16.820338947
-94.646697205,16.820338947,-94.646197205,16.819838947
-94.646697205,16.819838947,-94.646197205,16.819338947000002
-94.646697205,16.819338947000002,-94.646197205,16.818838947
-94.646697205,16.818838947,-94.646197205,16.818338947
-94.646697205,16.818338947,-94.646197205,16.817838947000002
-94.646697205,16.817838947000002,-94.646197205,16.817338947
-94.646697205,16.817338947,-94.646197205,16.816838947
-94.646697205,16.816838947,-94.646197205,16.816338947000002
-94.646697205,16.816338947000002,-94.646197205,16.815838947
-94.646197205,16.821838947,-94.645697205,16.821338947
-94.646197205,16.821338947,-94.645697205,16.820838947000002
-94.646197205,16.820838947000002,-94.645697205,16.820338947
-94.646197205,16.820338947,-94.645697205,16.819838947
-94.646197205,16.819838947,-94.645697205,16.819338947000002
-94.646197205,16.819338947000002,-94.645697205,16.818838947
-94.646197205,16.818838947,-94.645697205,16.818338947
-94.646197205,16.818338947,-94.645697205,16.817838947000002
-94.646197205,16.817838947000002,-94.645697205,16.817338947
-94.646197205,16.817338947,-94.645697205,16.816838947
-94.646197205,16.816838947,-94.645697205,16.816338947000002
-94.646197205,16.816338947000002,-94.645697205,16.815838947
-94.645697205,16.821838947,-94.645197205,16.821338947
-94.645697205,16.821338947,-94.645197205,16.820838947000002
-94.645697205,16.820838947000002,-94.645197205,16.820338947
-94.645697205,16.820338947,-94.645197205,16.819838947
-94.645697205,16.819838947,-94.645197205,16.819338947000002
-94.645697205,16.819338947000002,-94.645197205,16.818838947
-94.645697205,16.818838947,-94.645197205,16.818338947
-94.645697205,16.818338947,-94.645197205,16.817838947000002
-94.645697205,16.817838947000002,-94.645197205,16.817338947
-94.645697205,16.817338947,-94.645197205,16.816838947
-94.645697205,16.816838947,-94.645197205,16.816338947000002
-94.645697205,16.816338947000002,-94.645197205,16.815838947
